"level_id","ordinal","predicted_band","board_size","optimal_moves","expanded_states","nearest_noncolliding_level","nearest_metric_distance","reviewer","attempts","time_seconds","hint_use","perceived_difficulty","duplicate_concern","decision","notes"
"auto-v1-000000000000101","101","EASY","5x5","8","48","auto-v1-000000000000231","13","","","","","","","",""
"auto-v1-000000000000601","601","EASY","5x5","7","26","auto-v1-000000000000969","13","","","","","","","",""
"auto-v1-000000000001081","1081","EASY","6x6","8","42","campaign-1121","12","","","","","","","",""
"auto-v1-000000000000103","103","NORMAL","5x5","10","36","campaign-0987","11","","","","","","","",""
"auto-v1-000000000000603","603","NORMAL","5x5","9","41","auto-v1-000000000000456","12","","","","","","","",""
"auto-v1-000000000001094","1094","NORMAL","6x6","6","31","campaign-0313","10","","","","","","","",""
"auto-v1-000000000000106","106","HARD","6x6","9","33","campaign-1053","14","","","","","","","",""
"auto-v1-000000000000606","606","HARD","6x6","11","38","campaign-1669","15","","","","","","","",""
"auto-v1-000000000001097","1097","HARD","6x6","8","30","campaign-0295","13","","","","","","","",""
"auto-v1-000000000000111","111","EXPERT","6x6","10","39","campaign-025","15","","","","","","","",""
"auto-v1-000000000000611","611","EXPERT","6x6","10","54","auto-v1-000000000001022","14","","","","","","","",""
"auto-v1-000000000001099","1099","EXPERT","6x6","10","36","campaign-1897","15","","","","","","","",""
"auto-v1-000000000000120","120","MASTER","6x6","12","46","auto-v1-000000000000746","13","","","","","","","",""
"auto-v1-000000000000620","620","MASTER","6x6","12","62","campaign-1233","13","","","","","","","",""
"auto-v1-000000000001100","1100","MASTER","6x6","12","87","campaign-1179","14","","","","","","","",""
