levelId,predictedBand,optimalMoves,meaningfulDecisions,forcedMoveRatio,minimumBloomStops,automatedCertified,humanApproved,reviewer,attempts,solveTimeSeconds,undos,restarts,hints,perceivedDifficulty,duplicateConcern,decision,notes
campaign-001,TUTORIAL,1,1,0.800000,0,true,,,,,,,,,,,
campaign-002,TUTORIAL,1,1,0.941176,0,true,,,,,,,,,,,
campaign-003,TUTORIAL,4,2,0.500000,1,true,,,,,,,,,,,
campaign-004,TUTORIAL,4,3,0.250000,1,true,,,,,,,,,,,
campaign-005,TUTORIAL,4,1,0.750000,1,true,,,,,,,,,,,
campaign-006,EASY,5,5,0.500000,1,true,,,,,,,,,,,
campaign-007,EASY,5,5,0.500000,1,true,,,,,,,,,,,
campaign-008,EASY,4,2,0.500000,1,true,,,,,,,,,,,
campaign-009,EASY,7,6,0.571429,1,true,,,,,,,,,,,
campaign-010,EASY,7,6,0.571429,1,true,,,,,,,,,,,
campaign-011,EASY,6,2,0.666667,1,true,,,,,,,,,,,
campaign-012,EASY,7,3,0.571429,1,true,,,,,,,,,,,
campaign-013,EASY,6,2,0.666667,1,true,,,,,,,,,,,
campaign-014,EASY,5,3,0.400000,1,true,,,,,,,,,,,
campaign-015,EASY,7,3,0.571429,1,true,,,,,,,,,,,
campaign-016,EASY,6,2,0.666667,2,true,,,,,,,,,,,
campaign-017,EASY,4,3,0.250000,1,true,,,,,,,,,,,
campaign-018,EASY,5,3,0.400000,2,true,,,,,,,,,,,
campaign-019,EASY,5,2,0.600000,1,true,,,,,,,,,,,
campaign-020,EASY,7,4,0.615385,1,true,,,,,,,,,,,
campaign-021,NORMAL,6,2,0.666667,1,true,,,,,,,,,,,
campaign-022,NORMAL,6,3,0.750000,2,true,,,,,,,,,,,
campaign-023,NORMAL,5,2,0.600000,1,true,,,,,,,,,,,
campaign-024,NORMAL,8,3,0.625000,1,true,,,,,,,,,,,
campaign-025,NORMAL,7,2,0.714286,1,true,,,,,,,,,,,
campaign-026,NORMAL,5,2,0.600000,2,true,,,,,,,,,,,
campaign-027,NORMAL,8,2,0.750000,1,true,,,,,,,,,,,
campaign-028,NORMAL,5,2,0.600000,1,true,,,,,,,,,,,
campaign-029,NORMAL,5,3,0.700000,1,true,,,,,,,,,,,
campaign-030,NORMAL,5,6,0.454545,1,true,,,,,,,,,,,
campaign-031,NORMAL,6,8,0.578947,1,true,,,,,,,,,,,
campaign-032,NORMAL,7,2,0.714286,1,true,,,,,,,,,,,
campaign-033,NORMAL,5,2,0.600000,1,true,,,,,,,,,,,
campaign-034,NORMAL,7,2,0.714286,1,true,,,,,,,,,,,
campaign-035,NORMAL,6,2,0.666667,1,true,,,,,,,,,,,
campaign-036,NORMAL,5,2,0.600000,2,true,,,,,,,,,,,
campaign-037,NORMAL,6,2,0.666667,2,true,,,,,,,,,,,
campaign-038,NORMAL,7,2,0.714286,2,true,,,,,,,,,,,
campaign-039,NORMAL,8,2,0.750000,3,true,,,,,,,,,,,
campaign-040,NORMAL,6,2,0.666667,1,true,,,,,,,,,,,
campaign-041,HARD,8,4,0.500000,2,true,,,,,,,,,,,
campaign-042,HARD,8,3,0.625000,2,true,,,,,,,,,,,
campaign-043,HARD,9,3,0.666667,3,true,,,,,,,,,,,
campaign-044,HARD,8,3,0.625000,3,true,,,,,,,,,,,
campaign-045,HARD,8,3,0.625000,2,true,,,,,,,,,,,
campaign-046,HARD,9,6,0.666667,2,true,,,,,,,,,,,
campaign-047,HARD,7,3,0.571429,2,true,,,,,,,,,,,
campaign-048,HARD,8,3,0.625000,2,true,,,,,,,,,,,
campaign-049,HARD,8,4,0.500000,3,true,,,,,,,,,,,
campaign-050,HARD,9,3,0.666667,3,true,,,,,,,,,,,
campaign-051,HARD,10,3,0.700000,3,true,,,,,,,,,,,
campaign-052,HARD,8,3,0.625000,2,true,,,,,,,,,,,
campaign-053,HARD,10,4,0.600000,2,true,,,,,,,,,,,
campaign-054,HARD,7,3,0.571429,2,true,,,,,,,,,,,
campaign-055,HARD,7,3,0.571429,3,true,,,,,,,,,,,
campaign-056,HARD,7,3,0.571429,3,true,,,,,,,,,,,
campaign-057,HARD,8,4,0.500000,2,true,,,,,,,,,,,
campaign-058,HARD,8,3,0.625000,2,true,,,,,,,,,,,
campaign-059,HARD,8,3,0.625000,3,true,,,,,,,,,,,
campaign-060,HARD,10,4,0.600000,2,true,,,,,,,,,,,
campaign-061,HARD,8,3,0.625000,4,true,,,,,,,,,,,
campaign-062,HARD,7,5,0.642857,2,true,,,,,,,,,,,
campaign-063,HARD,7,3,0.571429,3,true,,,,,,,,,,,
campaign-064,HARD,7,4,0.428571,2,true,,,,,,,,,,,
campaign-065,HARD,7,8,0.636364,2,true,,,,,,,,,,,
campaign-066,HARD,9,4,0.555556,2,true,,,,,,,,,,,
campaign-067,HARD,7,3,0.571429,2,true,,,,,,,,,,,
campaign-068,HARD,9,3,0.666667,4,true,,,,,,,,,,,
campaign-069,HARD,8,4,0.692308,2,true,,,,,,,,,,,
campaign-070,HARD,8,3,0.625000,2,true,,,,,,,,,,,
campaign-071,EXPERT,10,9,0.550000,4,true,,,,,,,,,,,
campaign-072,EXPERT,11,4,0.636364,4,true,,,,,,,,,,,
campaign-073,EXPERT,9,5,0.444444,2,true,,,,,,,,,,,
campaign-074,EXPERT,9,4,0.555556,4,true,,,,,,,,,,,
campaign-075,EXPERT,13,5,0.615385,3,true,,,,,,,,,,,
campaign-076,EXPERT,9,7,0.588235,4,true,,,,,,,,,,,
campaign-077,EXPERT,11,6,0.454545,2,true,,,,,,,,,,,
campaign-078,EXPERT,10,4,0.600000,3,true,,,,,,,,,,,
campaign-079,EXPERT,10,4,0.600000,2,true,,,,,,,,,,,
campaign-080,EXPERT,9,4,0.555556,2,true,,,,,,,,,,,
campaign-081,EXPERT,11,4,0.636364,2,true,,,,,,,,,,,
campaign-082,EXPERT,10,8,0.600000,2,true,,,,,,,,,,,
campaign-083,EXPERT,11,5,0.545455,3,true,,,,,,,,,,,
campaign-084,EXPERT,10,4,0.600000,3,true,,,,,,,,,,,
campaign-085,EXPERT,11,5,0.545455,3,true,,,,,,,,,,,
campaign-086,EXPERT,10,5,0.500000,2,true,,,,,,,,,,,
campaign-087,EXPERT,9,4,0.555556,2,true,,,,,,,,,,,
campaign-088,EXPERT,9,8,0.555556,3,true,,,,,,,,,,,
campaign-089,EXPERT,9,4,0.555556,2,true,,,,,,,,,,,
campaign-090,EXPERT,11,4,0.636364,2,true,,,,,,,,,,,
campaign-091,EXPERT,9,7,0.611111,2,true,,,,,,,,,,,
campaign-092,EXPERT,11,4,0.636364,4,true,,,,,,,,,,,
campaign-093,EXPERT,9,9,0.500000,2,true,,,,,,,,,,,
campaign-094,EXPERT,10,4,0.600000,2,true,,,,,,,,,,,
campaign-095,EXPERT,10,4,0.600000,2,true,,,,,,,,,,,
campaign-096,MASTER,13,6,0.538462,3,true,,,,,,,,,,,
campaign-097,MASTER,12,5,0.583333,3,true,,,,,,,,,,,
campaign-098,MASTER,12,7,0.416667,3,true,,,,,,,,,,,
campaign-099,MASTER,12,5,0.583333,3,true,,,,,,,,,,,
campaign-100,MASTER,11,6,0.454545,3,true,,,,,,,,,,,
